{"cameraMode":{"drawMode":0,"name":"Shaded","section":"Shading Mode"},"sceneLighting":false,"audioPlay":false,"sceneViewState":{"showFog":false,"showMaterialUpdate":false,"showSkybox":false,"showFlares":false,"showImageEffects":false,"showParticleSystems":true},"in2DMode":false,"pivot":{"x":-1.2792068719863892,"y":1.5976769924163819,"z":12.910468101501465},"rotation":{"x":-0.05952027440071106,"y":-0.9374845623970032,"z":0.2780328392982483,"w":-0.20069320499897004},"size":8.663025856018067,"orthographic":false}