{"cameraMode":{"drawMode":0,"name":"Shaded","section":"Shading Mode"},"sceneLighting":false,"audioPlay":false,"sceneViewState":{"showFog":false,"showMaterialUpdate":false,"showSkybox":false,"showFlares":false,"showImageEffects":false,"showParticleSystems":true},"in2DMode":false,"pivot":{"x":0.6092165112495422,"y":4.263698101043701,"z":10.962074279785157},"rotation":{"x":0.023592717945575715,"y":0.975587010383606,"z":-0.17330704629421235,"w":0.1328086405992508},"size":9.751688957214356,"orthographic":false}