{"cameraMode":{"drawMode":0,"name":"Shaded","section":"Shading Mode"},"sceneLighting":false,"audioPlay":false,"sceneViewState":{"showFog":false,"showMaterialUpdate":false,"showSkybox":false,"showFlares":false,"showImageEffects":false,"showParticleSystems":true},"in2DMode":false,"pivot":{"x":-0.0813056230545044,"y":1.6612309217453004,"z":31.097965240478517},"rotation":{"x":0.2063101977109909,"y":0.5972814559936523,"z":-0.16261087357997895,"w":0.7577919960021973},"size":9.47520637512207,"orthographic":false}