{"cameraMode":{"drawMode":0,"name":"Shaded","section":"Shading Mode"},"sceneLighting":false,"audioPlay":false,"sceneViewState":{"showFog":false,"showMaterialUpdate":false,"showSkybox":false,"showFlares":false,"showImageEffects":false,"showParticleSystems":true},"in2DMode":false,"pivot":{"x":0.050000011920928958,"y":1.465000033378601,"z":7.703000068664551},"rotation":{"x":-0.05952027440071106,"y":-0.9374845623970032,"z":0.2780328392982483,"w":-0.20069320499897004},"size":6.46250057220459,"orthographic":false}