{"cameraMode":{"drawMode":0,"name":"Shaded","section":"Shading Mode"},"sceneLighting":false,"audioPlay":false,"sceneViewState":{"showFog":false,"showMaterialUpdate":false,"showSkybox":false,"showFlares":false,"showImageEffects":false,"showParticleSystems":true},"in2DMode":false,"pivot":{"x":0.17435327172279359,"y":4.571236610412598,"z":5.097184658050537},"rotation":{"x":-0.01882626675069332,"y":-0.9777244329452515,"z":0.10038147866725922,"w":-0.18336905539035798},"size":8.522317886352539,"orthographic":false}