{"cameraMode":{"drawMode":0,"name":"Shaded","section":"Shading Mode"},"sceneLighting":false,"audioPlay":false,"sceneViewState":{"showFog":false,"showMaterialUpdate":false,"showSkybox":false,"showFlares":false,"showImageEffects":false,"showParticleSystems":true},"in2DMode":false,"pivot":{"x":-4.831999778747559,"y":1.815999984741211,"z":18.079999923706056},"rotation":{"x":-0.05952027440071106,"y":-0.9374845623970032,"z":0.2780328392982483,"w":-0.20069320499897004},"size":0.5715773701667786,"orthographic":false}