{"cameraMode":{"drawMode":0,"name":"Shaded","section":"Shading Mode"},"sceneLighting":false,"audioPlay":false,"sceneViewState":{"showFog":false,"showMaterialUpdate":false,"showSkybox":false,"showFlares":false,"showImageEffects":false,"showParticleSystems":true},"in2DMode":false,"pivot":{"x":0.050000011920928958,"y":1.465000033378601,"z":7.703000068664551},"rotation":{"x":0.02534947544336319,"y":0.9655104279518127,"z":-0.23781271278858186,"w":0.10291814059019089},"size":2.8578836917877199,"orthographic":false}