{"cameraMode":{"drawMode":0,"name":"Shaded","section":"Shading Mode"},"sceneLighting":false,"audioPlay":false,"sceneViewState":{"showFog":false,"showMaterialUpdate":false,"showSkybox":false,"showFlares":false,"showImageEffects":false,"showParticleSystems":true},"in2DMode":false,"pivot":{"x":-4.740962982177734,"y":1.8408176898956299,"z":18.1308536529541},"rotation":{"x":0.039755161851644519,"y":0.9377108216285706,"z":-0.11449656635522843,"w":0.3255894184112549},"size":0.5715773701667786,"orthographic":false}