{"cameraMode":{"drawMode":0,"name":"Shaded","section":"Shading Mode"},"sceneLighting":false,"audioPlay":false,"sceneViewState":{"showFog":false,"showMaterialUpdate":false,"showSkybox":false,"showFlares":false,"showImageEffects":false,"showParticleSystems":true},"in2DMode":false,"pivot":{"x":-5.961629867553711,"y":1.6612309217453004,"z":14.94088077545166},"rotation":{"x":-0.10019370913505554,"y":-0.8885312676429749,"z":0.3824925124645233,"w":-0.23275062441825868},"size":9.47520923614502,"orthographic":false}